<?xml version="1.0" encoding="UTF-8"?>
<configuration>

    <conversionRule conversionWord="clr" converterClass="org.springframework.boot.logging.logback.ColorConverter"/>
    <conversionRule conversionWord="wex"
                    converterClass="org.springframework.boot.logging.logback.WhitespaceThrowableProxyConverter"/>
    <conversionRule conversionWord="wEx"
                    converterClass="org.springframework.boot.logging.logback.ExtendedWhitespaceThrowableProxyConverter"/>

    <property name="CONSOLE_LOG_PATTERN"
              value="${CONSOLE_LOG_PATTERN:-%clr(%d{${LOG_DATEFORMAT_PATTERN:-yyyy-MM-dd HH:mm:ss.SSS}}){faint} %clr(${LOG_LEVEL_PATTERN:-%5p}) %clr(${PID:- }){magenta} %clr(---){faint} %clr([%20.20t]){faint} %clr(%-40.40logger{39}){cyan} %clr(:){faint} %m%n${LOG_EXCEPTION_CONVERSION_WORD:-%wEx}}"/>
    <property name="CONSOLE_LOG_CHARSET" value="${CONSOLE_LOG_CHARSET:-${file.encoding:-UTF-8}}"/>
    <property name="FILE_LOG_PATTERN"
              value="${FILE_LOG_PATTERN:-%d{${LOG_DATEFORMAT_PATTERN:-yyyy-MM-dd HH:mm:ss.SSS}} ${LOG_LEVEL_PATTERN:-%5p} ${PID:- } --- [%t] %-40.40logger{39} : %m%n${LOG_EXCEPTION_CONVERSION_WORD:-%wEx}}"/>
    <property name="FILE_LOG_CHARSET" value="${FILE_LOG_CHARSET:-${file.encoding:-UTF-8}}"/>

    <appender name="Console" class="ch.qos.logback.core.ConsoleAppender">
        <encoder>
            <pattern>${CONSOLE_LOG_PATTERN}</pattern>
            <charset>${CONSOLE_LOG_CHARSET}</charset>
        </encoder>
    </appender>

    <appender name="appLogAppender" class="ch.qos.logback.core.rolling.RollingFileAppender">
        <file>logs/app.log</file>
        <encoder>
            <pattern>${CONSOLE_LOG_PATTERN}</pattern>
            <charset>${FILE_LOG_CHARSET}</charset>
        </encoder>

        <rollingPolicy class="ch.qos.logback.core.rolling.SizeAndTimeBasedRollingPolicy">
            <fileNamePattern>logs/app-%d{yyyy-MM-dd}.%i.log</fileNamePattern>
            <maxFileSize>500MB</maxFileSize>
            <maxHistory>30</maxHistory>
            <totalSizeCap>5000MB</totalSizeCap>
            <cleanHistoryOnStart>false</cleanHistoryOnStart>
        </rollingPolicy>
    </appender>
    <appender name="metricLogAppender" class="ch.qos.logback.core.rolling.RollingFileAppender">
        <file>logs/metric.log</file>
        <encoder>
            <pattern>%m%n</pattern>
            <charset>${FILE_LOG_CHARSET}</charset>
        </encoder>

        <rollingPolicy class="ch.qos.logback.core.rolling.SizeAndTimeBasedRollingPolicy">
            <fileNamePattern>logs/metric-%d{yyyy-MM-dd}.%i.log</fileNamePattern>
            <maxFileSize>500MB</maxFileSize>
            <maxHistory>30</maxHistory>
            <totalSizeCap>5000MB</totalSizeCap>
            <cleanHistoryOnStart>false</cleanHistoryOnStart>
        </rollingPolicy>
    </appender>

    <appender name="appLogAsyncAppender" class="ch.qos.logback.classic.AsyncAppender">
        <appender-ref ref="appLogAppender"/>
        <queueSize>10000</queueSize>
    </appender>

    <appender name="metricLogAsyncAppender" class="ch.qos.logback.classic.AsyncAppender">
        <appender-ref ref="metricLogAppender"/>
        <queueSize>10000</queueSize>
    </appender>

    <logger name="org.apache.kafka" level="WARN"></logger>

    <logger name="gbeMetric" level="INFO" additivity="false">
        <appender-ref ref="metricLogAsyncAppender"/>
    </logger>

    <root level="INFO">
        <appender-ref ref="Console"/>
        <appender-ref ref="appLogAsyncAppender"/>
    </root>

</configuration>
